Payroll ID,Work Code,List,Start Date,Counts,Shift,Start Time,Duration (hours),Region,Outcome,Detail Code,Note
17,V,,2025-05-23,,B,7:00:00,24,,,,
17,V,,2025-04-20,,B,7:00:00,24,,,,
17,V,,2025-05-17,,B,7:00:00,24,,,,
17,V,,2025-05-20,,B,7:00:00,24,,,,
17,V,,2025-10-11,,B,7:00:00,24,,,,
17,V,,2025-10-05,,B,7:00:00,24,,,,
17,V,,2025-09-26,,B,7:00:00,24,,,,
17,V,,2025-10-26,,B,7:00:00,24,,,,
17,V,,2025-09-08,,B,7:00:00,24,,,,
17,V,,2025-10-20,,B,7:00:00,24,,,,
17,V,,2025-09-11,,B,7:00:00,24,,,,
17,V,,2025-10-23,,B,7:00:00,24,,,,
17,H,,2025-09-23,,B,7:00:00,24,,,,
17,H,,2025-12-19,,B,7:00:00,24,,,,
28,V,,2025-03-18,,B,7:00:00,24,,,,
28,V,,2025-03-21,,B,7:00:00,24,,,,
28,V,,2025-03-15,,B,7:00:00,24,,,,
28,V,,2025-04-20,,B,7:00:00,24,,,,
28,V,,2025-07-13,,B,7:00:00,24,,,,
28,V,,2025-07-16,,B,7:00:00,24,,,,
28,V,,2025-10-26,,B,7:00:00,24,,,,
28,V,,2025-12-04,,B,7:00:00,24,,,,
28,V,,2025-04-17,,B,7:00:00,24,,,,
28,V,,2025-07-22,,B,7:00:00,24,,,,
28,V,,2025-08-12,,B,7:00:00,24,,,,
28,V,,2025-12-19,,B,7:00:00,24,,,,
30,V,,2025-12-22,,B,7:00:00,24,,,,
30,V,,2025-11-28,,B,7:00:00,24,,,,
30,V,,2025-07-13,,B,7:00:00,24,,,,
30,V,,2025-06-01,,B,7:00:00,24,,,,
30,V,,2025-05-29,,B,7:00:00,24,,,,
30,V,,2025-07-16,,B,7:00:00,24,,,,
30,V,,2025-10-29,,B,7:00:00,24,,,,
30,V,,2025-11-04,,B,7:00:00,24,,,,
42,V,,2025-12-31,,B,7:00:00,24,,,,
42,V,,2025-12-28,,B,7:00:00,24,,,,
42,V,,2025-07-31,,B,7:00:00,24,,,,
42,V,,2025-08-03,,B,7:00:00,24,,,,
42,V,,2025-08-06,,B,7:00:00,24,,,,
42,V,,2025-08-09,,B,7:00:00,24,,,,
42,V,,2025-07-07,,B,7:00:00,24,,,,
42,V,,2025-06-22,,B,7:00:00,24,,,,
42,V,,2025-10-23,,B,7:00:00,24,,,,
42,V,,2025-12-13,,B,7:00:00,24,,,,
50,V,,2025-12-25,,B,7:00:00,24,,,,
50,V,,2025-04-20,,B,7:00:00,24,,,,
50,V,,2025-02-07,,B,7:00:00,24,,,,
50,V,,2025-11-28,,B,7:00:00,24,,,,
50,V,,2025-05-26,,B,7:00:00,24,,,,
50,V,,2025-06-13,,B,7:00:00,24,,,,
66,V,,2025-12-25,,B,7:00:00,24,,,,
66,V,,2025-06-04,,B,7:00:00,24,,,,
66,V,,2025-06-07,,B,7:00:00,24,,,,
66,V,,2025-06-10,,B,7:00:00,24,,,,
66,V,,2025-11-25,,B,7:00:00,24,,,,
66,V,,2025-12-22,,B,7:00:00,24,,,,
66,V,,2025-05-08,,B,7:00:00,24,,,,
66,V,,2025-09-02,,B,7:00:00,24,,,,
66,V,,2025-08-09,,B,7:00:00,24,,,,
43,V,,2025-02-01,,B,7:00:00,24,,,,
43,V,,2025-02-22,,B,7:00:00,24,,,,
43,V,,2025-02-16,,B,7:00:00,24,,,,
43,V,,2025-03-09,,B,7:00:00,24,,,,
43,V,,2025-02-28,,B,7:00:00,24,,,,
43,V,,2025-02-10,,B,7:00:00,24,,,,
43,V,,2025-02-25,,B,7:00:00,24,,,,
43,V,,2025-02-04,,B,7:00:00,24,,,,
43,V,,2025-02-19,,B,7:00:00,24,,,,
76,V,,2025-12-28,,B,7:00:00,24,,,,
76,V,,2025-07-31,,B,7:00:00,24,,,,
76,V,,2025-06-22,,B,7:00:00,24,,,,
76,V,,2025-10-11,,B,7:00:00,24,,,,
76,V,,2025-10-05,,B,7:00:00,24,,,,
76,V,,2025-10-08,,B,7:00:00,24,,,,
76,V,,2025-11-10,,B,7:00:00,24,,,,
76,V,,2025-10-14,,B,7:00:00,24,,,,
76,V,,2025-08-03,,B,7:00:00,24,,,,
76,V,,2025-12-13,,B,7:00:00,24,,,,
76,V,,2025-04-17,,B,7:00:00,24,,,,
76,H,,2025-09-05,,B,7:00:00,24,,,,
76,H,,2025-05-14,,B,7:00:00,24,,,,
76,H,,2025-12-19,,B,7:00:00,24,,,,
99,V,,2025-12-25,,B,7:00:00,24,,,,
99,V,,2025-12-31,,B,7:00:00,24,,,,
99,V,,2025-12-28,,B,7:00:00,24,,,,
99,V,,2025-11-25,,B,7:00:00,24,,,,
99,V,,2025-07-19,,B,7:00:00,24,,,,
99,V,,2025-12-01,,B,7:00:00,24,,,,
99,V,,2025-06-19,,B,7:00:00,24,,,,
99,V,,2025-06-22,,B,7:00:00,24,,,,
99,V,,2025-06-25,,B,7:00:00,24,,,,
99,V,,2025-05-20,,B,7:00:00,24,,,,
347,V,,2025-09-08,,B,7:00:00,24,,,,
347,V,,2025-12-25,,B,7:00:00,24,,,,
347,V,,2025-05-11,,B,7:00:00,24,,,,
347,V,,2025-11-25,,B,7:00:00,24,,,,
347,V,,2025-12-01,,B,7:00:00,24,,,,
347,V,,2025-04-05,,B,7:00:00,24,,,,
347,V,,2025-06-13,,B,7:00:00,24,,,,
347,V,,2025-10-05,,B,7:00:00,24,,,,
344,V,,2025-05-08,,B,7:00:00,24,,,,
344,V,,2025-03-21,,B,7:00:00,24,,,,
344,V,,2025-08-30,,B,7:00:00,24,,,,
344,V,,2025-05-29,,B,7:00:00,24,,,,
344,V,,2025-06-28,,B,7:00:00,24,,,,
344,V,,2025-06-01,,B,7:00:00,24,,,,
344,V,,2025-09-20,,B,7:00:00,24,,,,
344,V,,2025-08-27,,B,7:00:00,24,,,,
344,V,,2025-07-16,,B,7:00:00,24,,,,
344,V,,2025-12-16,,B,7:00:00,24,,,,
344,H,,2025-11-19,,B,7:00:00,24,,,,
351,V,,2025-12-25,,B,7:00:00,24,,,,
351,V,,2025-12-31,,B,7:00:00,24,,,,
351,V,,2025-12-22,,B,7:00:00,24,,,,
351,V,,2025-03-18,,B,7:00:00,24,,,,
351,V,,2025-07-01,,B,7:00:00,24,,,,
351,V,,2025-07-19,,B,7:00:00,24,,,,
351,V,,2025-04-26,,B,7:00:00,24,,,,
351,V,,2025-08-03,,B,7:00:00,24,,,,
351,V,,2026-01-24,,B,7:00:00,24,,,,
351,V,,2025-08-24,,B,7:00:00,24,,,,
351,H,,2025-12-10,,B,7:00:00,24,,,,
359,V,,2025-07-04,,B,7:00:00,24,,,,
359,V,,2025-06-16,,B,7:00:00,24,,,,
359,V,,2025-06-19,,B,7:00:00,24,,,,
359,V,,2025-06-28,,B,7:00:00,24,,,,
359,V,,2025-07-01,,B,7:00:00,24,,,,
359,V,,2025-07-07,,B,7:00:00,24,,,,
359,V,,2025-07-10,,B,7:00:00,24,,,,
359,V,,2025-07-25,,B,7:00:00,24,,,,
359,V,,2025-08-27,,B,7:00:00,24,,,,
359,V,,2025-09-17,,B,7:00:00,24,,,,
359,H,,2026-01-03,,B,7:00:00,24,,,,
370,V,,2025-12-31,,B,7:00:00,24,,,,
370,V,,2025-02-13,,B,7:00:00,24,,,,
370,V,,2025-08-21,,B,7:00:00,24,,,,
370,V,,2025-06-25,,B,7:00:00,24,,,,
387,V,,2025-12-31,,B,7:00:00,24,,,,
387,V,,2025-12-28,,B,7:00:00,24,,,,
387,V,,2025-11-01,,B,7:00:00,24,,,,
387,V,,2025-11-28,,B,7:00:00,24,,,,
387,V,,2025-05-26,,B,7:00:00,24,,,,
387,V,,2025-06-10,,B,7:00:00,24,,,,
387,V,,2025-08-12,,B,7:00:00,24,,,,
395,V,,2025-07-04,,B,7:00:00,24,,,,
395,V,,2025-11-07,,B,7:00:00,24,,,,
395,V,,2025-11-10,,B,7:00:00,24,,,,
395,V,,2025-02-07,,B,7:00:00,24,,,,
395,V,,2025-02-22,,B,7:00:00,24,,,,
395,V,,2025-12-19,,B,7:00:00,24,,,,
395,V,,2025-11-04,,B,7:00:00,24,,,,
395,V,,2025-05-05,,B,7:00:00,24,,,,
395,V,,2025-12-10,,B,7:00:00,24,,,,
395,H,,2025-04-14,,B,7:00:00,24,,,,
395,H,,2025-02-10,,B,7:00:00,24,,,,
395,H,,2025-10-08,,B,7:00:00,24,,,,
395,H,,2025-09-17,,B,7:00:00,24,,,,
412,V,,2025-03-21,,B,7:00:00,24,,,,
412,V,,2025-03-24,,B,7:00:00,24,,,,
412,V,,2025-03-27,,B,7:00:00,24,,,,
412,V,,2025-03-30,,B,7:00:00,24,,,,
412,V,,2025-04-02,,B,7:00:00,24,,,,
431,V,,2025-02-16,,B,7:00:00,24,,,,
431,V,,2025-07-10,,B,7:00:00,24,,,,
431,V,,2025-07-13,,B,7:00:00,24,,,,
431,V,,2025-10-11,,B,7:00:00,24,,,,
431,V,,2025-10-20,,B,7:00:00,24,,,,
431,V,,2025-02-25,,B,7:00:00,24,,,,
431,V,,2025-02-28,,B,7:00:00,24,,,,
429,V,,2025-04-05,,B,7:00:00,24,,,,
429,V,,2025-03-21,,B,7:00:00,24,,,,
429,V,,2025-05-11,,B,7:00:00,24,,,,
429,V,,2025-06-22,,B,7:00:00,24,,,,
429,V,,2025-08-03,,B,7:00:00,24,,,,
429,V,,2025-08-30,,B,7:00:00,24,,,,
429,V,,2025-09-08,,B,7:00:00,24,,,,
429,V,,2025-09-14,,B,7:00:00,24,,,,
429,V,,2025-11-22,,B,7:00:00,24,,,,
429,H,,2025-03-30,,B,7:00:00,24,,,,
429,H,,2025-09-05,,B,7:00:00,24,,,,
452,V,,2025-03-03,,B,7:00:00,24,,,,
452,V,,2025-03-06,,B,7:00:00,24,,,,
452,V,,2025-03-09,,B,7:00:00,24,,,,
452,V,,2025-03-12,,B,7:00:00,24,,,,
452,V,,2025-12-07,,B,7:00:00,24,,,,
452,V,,2025-12-10,,B,7:00:00,24,,,,
452,V,,2025-12-13,,B,7:00:00,24,,,,
452,V,,2025-12-16,,B,7:00:00,24,,,,
452,V,,2025-05-05,,B,7:00:00,24,,,,
452,H,,2025-10-17,,B,7:00:00,24,,,,
450,V,,2025-07-04,,B,7:00:00,24,,,,
450,V,,2025-05-26,,B,7:00:00,24,,,,
450,V,,2025-07-01,,B,7:00:00,24,,,,
450,V,,2025-07-07,,B,7:00:00,24,,,,
450,V,,2025-05-29,,B,7:00:00,24,,,,
450,V,,2025-07-28,,B,7:00:00,24,,,,
450,V,,2025-07-31,,B,7:00:00,24,,,,
450,V,,2025-06-16,,B,7:00:00,24,,,,
450,V,,2025-09-20,,B,7:00:00,24,,,,
498,V,,2025-11-07,,B,7:00:00,24,,,,
498,V,,2025-09-26,,B,7:00:00,24,,,,
498,V,,2025-09-29,,B,7:00:00,24,,,,
498,V,,2025-04-26,,B,7:00:00,24,,,,
498,V,,2025-12-07,,B,7:00:00,24,,,,
498,V,,2025-03-30,,B,7:00:00,24,,,,
498,V,,2025-03-27,,B,7:00:00,24,,,,
498,V,,2025-10-26,,B,7:00:00,24,,,,
498,V,,2025-11-22,,B,7:00:00,24,,,,
498,H,,2025-08-03,,B,7:00:00,24,,,,
498,H,,2025-08-18,,B,7:00:00,24,,,,
498,H,,2025-10-02,,B,7:00:00,24,,,,
502,V,,2025-12-07,,B,7:00:00,24,,,,
502,V,,2025-08-12,,B,7:00:00,24,,,,
502,V,,2025-08-15,,B,7:00:00,24,,,,
502,V,,2025-08-18,,B,7:00:00,24,,,,
502,V,,2025-05-26,,B,7:00:00,24,,,,
502,V,,2025-06-19,,B,7:00:00,24,,,,
487,V,,2025-09-08,,B,7:00:00,24,,,,
487,V,,2025-09-11,,B,7:00:00,24,,,,
487,V,,2025-09-14,,B,7:00:00,24,,,,
487,V,,2025-09-17,,B,7:00:00,24,,,,
487,V,,2025-04-23,,B,7:00:00,24,,,,
487,V,,2025-04-26,,B,7:00:00,24,,,,
487,V,,2025-08-27,,B,7:00:00,24,,,,
487,V,,2025-08-24,,B,7:00:00,24,,,,
508,V,,2025-04-05,,B,7:00:00,24,,,,
508,V,,2025-07-19,,B,7:00:00,24,,,,
508,V,,2025-07-22,,B,7:00:00,24,,,,
508,V,,2025-07-25,,B,7:00:00,24,,,,
508,V,,2025-08-15,,B,7:00:00,24,,,,
508,V,,2025-11-16,,B,7:00:00,24,,,,
508,V,,2025-11-13,,B,7:00:00,24,,,,
508,V,,2025-11-10,,B,7:00:00,24,,,,
508,V,,2025-11-19,,B,7:00:00,24,,,,
508,H,,2025-05-17,,B,7:00:00,24,,,,
516,V,,2025-07-04,,B,7:00:00,24,,,,
516,V,,2025-06-01,,B,7:00:00,24,,,,
516,V,,2025-06-04,,B,7:00:00,24,,,,
516,V,,2025-09-26,,B,7:00:00,24,,,,
516,V,,2025-06-28,,B,7:00:00,24,,,,
516,V,,2025-02-13,,B,7:00:00,24,,,,
516,V,,2025-04-14,,B,7:00:00,24,,,,
516,V,,2025-11-13,,B,7:00:00,24,,,,
516,V,,2025-12-10,,B,7:00:00,24,,,,
516,H,,2025-12-22,,B,7:00:00,24,,,,
507,V,,2025-12-28,,B,7:00:00,24,,,,
507,V,,2025-04-20,,B,7:00:00,24,,,,
507,V,,2025-05-11,,B,7:00:00,24,,,,
507,V,,2025-11-01,,B,7:00:00,24,,,,
507,V,,2025-11-16,,B,7:00:00,24,,,,
507,V,,2025-05-26,,B,7:00:00,24,,,,
507,V,,2025-03-30,,B,7:00:00,24,,,,
507,V,,2025-03-27,,B,7:00:00,24,,,,
507,V,,2025-09-02,,B,7:00:00,24,,,,
507,H,,2025-10-29,,B,7:00:00,24,,,,
551,V,,2025-09-20,,B,7:00:00,24,,,,
551,V,,2025-09-23,,B,7:00:00,24,,,,
551,V,,2025-10-17,,B,7:00:00,24,,,,
551,V,,2025-11-01,,B,7:00:00,24,,,,
551,V,,2025-08-30,,B,7:00:00,24,,,,
551,V,,2025-10-11,,B,7:00:00,24,,,,
551,V,,2025-11-22,,B,7:00:00,24,,,,
551,V,,2025-12-13,,B,7:00:00,24,,,,
551,H,,2025-05-17,,B,7:00:00,24,,,,
551,H,,2025-09-26,,B,7:00:00,24,,,,
572,V,,2025-11-01,,B,7:00:00,24,,,,
572,V,,2025-11-04,,B,7:00:00,24,,,,
572,V,,2025-11-07,,B,7:00:00,24,,,,
572,V,,2025-11-10,,B,7:00:00,24,,,,
572,V,,2025-11-13,,B,7:00:00,24,,,,
572,V,,2025-10-29,,B,7:00:00,24,,,,
572,V,,2025-10-26,,B,7:00:00,24,,,,
599,V,,2025-05-29,,B,7:00:00,24,,,,
599,V,,2025-06-01,,B,7:00:00,24,,,,
599,V,,2025-07-19,,B,7:00:00,24,,,,
599,V,,2025-07-22,,B,7:00:00,24,,,,
599,V,,2025-07-10,,B,7:00:00,24,,,,
599,V,,2025-07-13,,B,7:00:00,24,,,,
599,V,,2026-01-03,,B,7:00:00,24,,,,
599,V,,2025-06-16,,B,7:00:00,24,,,,
599,H,,2025-12-22,,B,7:00:00,24,,,,
599,H,,2025-07-28,,B,7:00:00,24,,,,
599,H,,2025-06-25,,B,7:00:00,24,,,,
558,V,,2025-03-03,,B,7:00:00,24,,,,
558,V,,2025-03-06,,B,7:00:00,24,,,,
558,V,,2025-03-09,,B,7:00:00,24,,,,
558,V,,2025-04-23,,B,7:00:00,24,,,,
558,V,,2025-05-23,,B,7:00:00,24,,,,
558,V,,2025-08-15,,B,7:00:00,24,,,,
558,V,,2025-08-18,,B,7:00:00,24,,,,
558,V,,2025-08-21,,B,7:00:00,24,,,,
558,H,,2025-09-23,,B,7:00:00,24,,,,
558,H,,2025-09-26,,B,7:00:00,24,,,,
558,H,,2025-09-29,,B,7:00:00,24,,,,
558,H,,2025-12-01,,B,7:00:00,24,,,,
558,H,,2026-01-03,,B,7:00:00,24,,,,
558,H,,2026-01-06,,B,7:00:00,24,,,,
608,V,,2025-07-04,,B,7:00:00,24,,,,
608,V,,2025-03-18,,B,7:00:00,24,,,,
608,V,,2025-06-25,,B,7:00:00,24,,,,
608,V,,2025-06-28,,B,7:00:00,24,,,,
608,V,,2025-07-01,,B,7:00:00,24,,,,
608,V,,2025-07-07,,B,7:00:00,24,,,,
608,V,,2025-07-10,,B,7:00:00,24,,,,
608,V,,2025-07-16,,B,7:00:00,24,,,,
580,V,,2025-02-28,,B,7:00:00,24,,,,
580,V,,2025-03-03,,B,7:00:00,24,,,,
580,V,,2025-03-06,,B,7:00:00,24,,,,
580,V,,2025-03-09,,B,7:00:00,24,,,,
580,V,,2025-03-12,,B,7:00:00,24,,,,
580,V,,2025-05-20,,B,7:00:00,24,,,,
580,V,,2025-05-23,,B,7:00:00,24,,,,
580,V,,2025-05-29,,B,7:00:00,24,,,,
605,V,,2025-02-01,,B,7:00:00,24,,,,
605,V,,2025-02-22,,B,7:00:00,24,,,,
605,V,,2025-02-25,,B,7:00:00,24,,,,
605,V,,2025-02-28,,B,7:00:00,24,,,,
605,V,,2025-03-06,,B,7:00:00,24,,,,
605,V,,2025-03-09,,B,7:00:00,24,,,,
605,V,,2025-03-24,,B,7:00:00,24,,,,
605,V,,2025-04-05,,B,7:00:00,24,,,,
605,H,,2025-11-16,,B,7:00:00,24,,,,
605,H,,2025-10-17,,B,7:00:00,24,,,,
605,H,,2025-10-20,,B,7:00:00,24,,,,
605,H,,2025-10-23,,B,7:00:00,24,,,,
605,H,,2025-10-29,,B,7:00:00,24,,,,
607,V,,2025-03-15,,B,7:00:00,24,,,,
607,V,,2025-03-18,,B,7:00:00,24,,,,
607,V,,2025-05-08,,B,19:00:00,12,,,,
607,V,,2025-05-11,,B,7:00:00,24,,,,
583,V,,2025-03-30,,B,7:00:00,24,,,,
583,V,,2025-06-04,,B,7:00:00,24,,,,
583,V,,2025-06-10,,B,7:00:00,24,,,,
583,V,,2025-06-13,,B,7:00:00,24,,,,
583,V,,2025-06-19,,B,7:00:00,24,,,,
583,V,,2025-07-25,,B,7:00:00,24,,,,
583,V,,2025-07-22,,B,7:00:00,24,,,,
583,V,,2025-04-14,,B,7:00:00,24,,,,
583,H,,2025-10-29,,B,7:00:00,24,,,,
601,V,,2025-03-21,,B,7:00:00,24,,,,
601,V,,2025-04-23,,B,7:00:00,24,,,,
601,V,,2025-06-16,,B,7:00:00,24,,,,
601,V,,2025-06-19,,B,7:00:00,24,,,,
601,V,,2025-10-08,,B,7:00:00,24,,,,
601,V,,2025-10-11,,B,7:00:00,24,,,,
622,V,,2025-10-02,,B,7:00:00,24,,,,
622,V,,2025-09-17,,B,7:00:00,24,,,,
622,V,,2025-03-03,,B,7:00:00,24,,,,
622,V,,2025-11-13,,B,7:00:00,24,,,,
671,V,,2025-02-25,,B,7:00:00,24,,,,
671,V,,2025-03-06,,B,7:00:00,24,,,,
671,V,,2025-03-27,,B,7:00:00,24,,,,
671,V,,2025-04-08,,B,7:00:00,24,,,,
671,V,,2025-05-08,,B,7:00:00,24,,,,
671,V,,2025-05-20,,B,7:00:00,24,,,,
671,V,,2025-06-25,,B,7:00:00,24,,,,
671,V,,2025-07-10,,B,7:00:00,24,,,,
671,H,,2025-04-17,,B,7:00:00,24,,,,
671,H,,2025-03-24,,B,7:00:00,24,,,,
671,H,,2025-05-14,,B,7:00:00,24,,,,
671,H,,2025-08-12,,B,7:00:00,24,,,,
671,H,,2026-01-06,,B,7:00:00,24,,,,
671,H,,2026-01-09,,B,7:00:00,24,,,,
672,V,,2025-11-28,,B,7:00:00,24,,,,
672,V,,2025-07-22,,B,7:00:00,24,,,,
672,V,,2025-05-05,,B,7:00:00,24,,,,
672,V,,2025-07-16,,B,7:00:00,24,,,,
672,V,,2025-02-19,,B,7:00:00,24,,,,
672,V,,2025-02-16,,B,7:00:00,24,,,,
672,V,,2025-05-08,,B,7:00:00,24,,,,
672,V,,2025-07-25,,B,7:00:00,24,,,,
672,H,,2025-08-27,,B,7:00:00,24,,,,
672,H,,2025-08-24,,B,7:00:00,24,,,,
672,H,,2025-08-21,,B,7:00:00,24,,,,
672,H,,2025-07-28,,B,7:00:00,24,,,,
672,H,,2025-09-11,,B,7:00:00,24,,,,
670,V,,2025-02-01,,B,7:00:00,24,,,,
670,V,,2025-02-22,,B,7:00:00,24,,,,
670,V,,2025-03-27,,B,7:00:00,24,,,,
670,V,,2025-12-13,,B,7:00:00,24,,,,
670,V,,2026-01-03,,B,7:00:00,24,,,,
634,V,,2025-11-04,,B,7:00:00,24,,,,
634,V,,2025-05-23,,B,7:00:00,24,,,,
634,V,,2025-11-07,,B,7:00:00,24,,,,
634,V,,2025-02-07,,B,7:00:00,24,,,,
634,V,,2025-05-20,,B,7:00:00,24,,,,
634,V,,2025-06-16,,B,7:00:00,24,,,,
634,V,,2025-08-15,,B,7:00:00,24,,,,
634,V,,2025-09-05,,B,7:00:00,24,,,,
634,H,,2025-10-17,,B,7:00:00,24,,,,
634,H,,2025-12-04,,B,7:00:00,24,,,,
634,H,,2025-04-17,,B,7:00:00,24,,,,
634,H,,2025-05-08,,B,7:00:00,24,,,,
634,H,,2025-09-02,,B,7:00:00,24,,,,
634,H,,2025-10-23,,B,7:00:00,24,,,,
647,V,,2025-04-29,,B,7:00:00,24,,,,
647,V,,2025-04-26,,B,7:00:00,24,,,,
647,V,,2025-05-02,,B,7:00:00,24,,,,
647,V,,2025-05-05,,B,7:00:00,24,,,,
646,V,,2025-11-28,,B,7:00:00,24,,,,
646,V,,2025-04-20,,B,7:00:00,24,,,,
646,V,,2025-04-17,,B,7:00:00,24,,,,
646,V,,2025-04-23,,B,7:00:00,24,,,,
646,V,,2025-04-14,,B,7:00:00,24,,,,
646,V,,2025-04-26,,B,7:00:00,24,,,,
674,V,,2025-03-24,,B,7:00:00,24,,,,
674,V,,2025-06-01,,B,7:00:00,24,,,,
674,V,,2025-06-04,,B,7:00:00,24,,,,
674,V,,2025-06-07,,B,7:00:00,24,,,,
674,V,,2025-06-13,,B,7:00:00,24,,,,
651,V,,2025-11-01,,B,7:00:00,24,,,,
651,V,,2025-03-15,,B,7:00:00,24,,,,
651,V,,2025-03-12,,B,7:00:00,24,,,,
651,V,,2025-06-10,,B,7:00:00,24,,,,
651,V,,2025-06-13,,B,7:00:00,24,,,,
651,V,,2025-08-06,,B,7:00:00,24,,,,
651,V,,2025-08-09,,B,7:00:00,24,,,,
651,V,,2025-12-07,,B,7:00:00,24,,,,
651,H,,2025-12-16,,B,7:00:00,24,,,,
651,H,,2025-02-01,,B,7:00:00,24,,,,
651,H,,2025-02-19,,B,7:00:00,24,,,,
651,H,,2025-04-23,,B,7:00:00,24,,,,
651,H,,2025-05-14,,B,7:00:00,24,,,,
651,H,,2025-08-12,,B,7:00:00,24,,,,
660,V,,2025-03-12,,B,7:00:00,24,,,,
660,V,,2025-03-15,,B,7:00:00,24,,,,
660,V,,2025-07-13,,B,7:00:00,24,,,,
660,V,,2025-12-07,,B,7:00:00,24,,,,
660,V,,2026-01-15,,B,7:00:00,24,,,,
660,V,,2025-09-14,,B,7:00:00,24,,,,
660,V,,2025-10-05,,B,7:00:00,24,,,,
660,V,,2025-10-26,,B,7:00:00,24,,,,
660,H,,2025-11-16,,B,7:00:00,24,,,,
477,V,,2025-02-22,,B,7:00:00,24,,,,
477,V,,2025-02-25,,B,7:00:00,24,,,,
477,V,,2025-02-28,,B,7:00:00,24,,,,
477,V,,2025-03-03,,B,7:00:00,24,,,,
477,V,,2025-04-29,,B,7:00:00,24,,,,
477,V,,2025-05-02,,B,7:00:00,24,,,,
685,V,,2025-07-25,,B,7:00:00,24,,,,
685,V,,2025-07-28,,B,7:00:00,24,,,,
685,V,,2025-07-31,,B,7:00:00,24,,,,
685,V,,2025-08-30,,B,7:00:00,24,,,,
685,V,,2025-02-13,,B,7:00:00,24,,,,
685,V,,2025-02-16,,B,7:00:00,24,,,,
685,V,,2025-08-18,,B,7:00:00,24,,,,
685,V,,2025-05-17,,B,7:00:00,24,,,,
685,H,,2025-04-05,,B,7:00:00,24,,,,
685,H,,2025-04-08,,B,7:00:00,24,,,,
685,H,,2025-04-11,,B,7:00:00,24,,,,
685,H,,2025-09-08,,B,7:00:00,24,,,,
685,H,,2025-09-14,,B,7:00:00,24,,,,
685,H,,2025-03-24,,B,7:00:00,24,,,,
684,V,,2025-02-07,,B,7:00:00,24,,,,
684,V,,2025-02-10,,B,7:00:00,24,,,,
684,V,,2025-06-07,,B,7:00:00,24,,,,
684,V,,2025-07-19,,B,7:00:00,24,,,,
684,V,,2025-08-15,,B,7:00:00,24,,,,
724,V,,2025-08-30,,B,7:00:00,24,,,,
724,V,,2025-09-02,,B,7:00:00,24,,,,
724,V,,2025-08-27,,B,7:00:00,24,,,,
724,V,,2025-08-24,,B,7:00:00,24,,,,
724,V,,2025-12-16,,B,7:00:00,24,,,,
724,V,,2025-12-19,,B,7:00:00,24,,,,
724,V,,2025-11-10,,B,7:00:00,24,,,,
724,V,,2025-11-13,,B,7:00:00,24,,,,
724,H,,2025-02-19,,B,7:00:00,24,,,,
724,H,,2025-11-16,,B,7:00:00,24,,,,
724,H,,2025-11-19,,B,7:00:00,24,,,,
724,H,,2025-11-22,,B,7:00:00,24,,,,
724,H,,2025-09-11,,B,7:00:00,24,,,,
724,H,,2025-09-14,,B,7:00:00,24,,,,
692,V,,2025-05-02,,B,7:00:00,24,,,,
692,V,,2025-08-18,,B,7:00:00,24,,,,
692,V,,2025-06-07,,B,7:00:00,24,,,,
692,V,,2025-06-10,,B,7:00:00,24,,,,
735,V,,2025-06-28,,B,7:00:00,24,,,,
735,V,,2025-06-22,,B,7:00:00,24,,,,
735,V,,2025-11-04,,B,7:00:00,24,,,,
735,V,,2025-11-07,,B,7:00:00,24,,,,
735,V,,2025-09-20,,B,7:00:00,24,,,,
735,V,,2025-04-11,,B,7:00:00,24,,,,
735,V,,2025-04-14,,B,7:00:00,24,,,,
735,V,,2025-05-02,,B,7:00:00,24,,,,
735,H,,2025-02-19,,B,7:00:00,24,,,,
717,V,,2025-02-13,,B,7:00:00,24,,,,
717,V,,2025-02-16,,B,7:00:00,24,,,,
717,V,,2025-07-01,,B,7:00:00,24,,,,
717,V,,2025-07-07,,B,7:00:00,24,,,,
717,V,,2025-11-19,,B,7:00:00,24,,,,
717,V,,2025-11-22,,B,7:00:00,24,,,,
717,V,,2025-12-01,,B,7:00:00,24,,,,
717,V,,2025-12-04,,B,7:00:00,24,,,,
704,V,,2025-05-11,,B,7:00:00,24,,,,
704,V,,2025-05-23,,B,7:00:00,24,,,,
704,V,,2025-05-14,,B,7:00:00,24,,,,
704,V,,2025-02-13,,B,7:00:00,24,,,,
704,V,,2025-12-16,,B,7:00:00,24,,,,
704,V,,2025-11-25,,B,7:00:00,24,,,,
704,V,,2025-10-08,,B,7:00:00,24,,,,
704,V,,2025-08-09,,B,7:00:00,24,,,,
704,H,,2025-09-02,,B,7:00:00,24,,,,
708,V,,2025-03-15,,B,7:00:00,24,,,,
708,V,,2025-03-18,,B,7:00:00,24,,,,
708,V,,2025-03-12,,B,7:00:00,24,,,,
708,V,,2025-11-25,,B,7:00:00,24,,,,
708,V,,2025-05-05,,B,7:00:00,24,,,,
708,V,,2025-05-02,,B,7:00:00,24,,,,
708,V,,2025-09-20,,B,7:00:00,24,,,,
708,V,,2025-09-23,,B,7:00:00,24,,,,
737,V,,2025-05-17,,B,7:00:00,24,,,,
737,V,,2025-10-02,,B,7:00:00,24,,,,
737,V,,2025-10-05,,B,7:00:00,24,,,,
737,V,,2025-10-08,,B,7:00:00,24,,,,
737,V,,2025-10-14,,B,7:00:00,24,,,,
737,V,,2025-10-17,,B,7:00:00,24,,,,
737,V,,2025-10-20,,B,7:00:00,24,,,,
737,V,,2025-08-09,,B,7:00:00,24,,,,
733,V,,2025-02-01,,B,7:00:00,24,,,,
733,V,,2025-02-07,,B,7:00:00,24,,,,
733,V,,2025-06-07,,B,7:00:00,24,,,,
733,V,,2025-06-04,,B,7:00:00,24,,,,
733,V,,2025-07-31,,B,7:00:00,24,,,,
733,V,,2025-09-05,,B,7:00:00,24,,,,
733,V,,2025-10-23,,B,7:00:00,24,,,,
733,V,,2025-12-01,,B,7:00:00,24,,,,
733,H,,2025-07-28,,B,7:00:00,24,,,,
733,H,,2026-01-03,,B,7:00:00,24,,,,
733,H,,2026-01-06,,B,7:00:00,24,,,,
733,H,,2026-01-09,,B,7:00:00,24,,,,
733,H,,2026-01-12,,B,7:00:00,24,,,,
733,H,,2025-10-20,,B,7:00:00,24,,,,
48,V,,2025-06-29,,C,7:00:00,24,,,,
48,V,,2025-02-20,,C,7:00:00,24,,,,
48,V,,2025-02-23,,C,7:00:00,24,,,,
48,V,,2025-04-09,,C,7:00:00,24,,,,
48,V,,2025-04-12,,C,7:00:00,24,,,,
48,V,,2025-04-15,,C,7:00:00,24,,,,
48,V,,2025-07-23,,C,7:00:00,24,,,,
48,V,,2025-07-26,,C,7:00:00,24,,,,
41,V,,2025-03-16,,C,7:00:00,24,,,,
41,V,,2025-03-19,,C,7:00:00,24,,,,
41,V,,2025-12-29,,C,7:00:00,24,,,,
41,V,,2025-02-20,,C,7:00:00,24,,,,
41,V,,2025-07-23,,C,7:00:00,24,,,,
41,V,,2025-07-26,,C,7:00:00,24,,,,
41,V,,2025-07-29,,C,7:00:00,24,,,,
41,V,,2025-08-01,,C,7:00:00,24,,,,
41,V,,2025-10-24,,C,7:00:00,24,,,,
41,V,,2026-01-04,,C,7:00:00,24,,,,
60,V,,2025-12-23,,C,7:00:00,24,,,,
60,V,,2025-12-26,,C,7:00:00,24,,,,
60,V,,2025-06-23,,C,7:00:00,24,,,,
60,V,,2025-06-26,,C,7:00:00,24,,,,
60,V,,2025-04-06,,C,7:00:00,24,,,,
60,V,,2025-09-15,,C,7:00:00,24,,,,
60,V,,2025-09-18,,C,7:00:00,24,,,,
60,V,,2025-03-07,,C,7:00:00,24,,,,
60,V,,2025-08-16,,C,7:00:00,24,,,,
4,V,,2025-12-26,,C,7:00:00,24,,,,
4,V,,2025-03-19,,C,7:00:00,24,,,,
4,V,,2025-03-16,,C,7:00:00,24,,,,
4,V,,2025-06-23,,C,7:00:00,24,,,,
4,V,,2025-06-26,,C,7:00:00,24,,,,
4,V,,2025-12-08,,C,7:00:00,24,,,,
4,V,,2025-12-11,,C,7:00:00,24,,,,
4,V,,2025-12-20,,C,7:00:00,24,,,,
4,V,,2025-06-29,,C,7:00:00,24,,,,
4,V,,2025-09-15,,C,7:00:00,24,,,,
5,V,,2025-12-26,,C,7:00:00,24,,,,
5,V,,2025-11-26,,C,7:00:00,24,,,,
5,V,,2025-12-23,,C,7:00:00,24,,,,
5,V,,2025-04-12,,C,7:00:00,24,,,,
5,V,,2025-11-02,,C,7:00:00,24,,,,
5,V,,2025-05-30,,C,7:00:00,24,,,,
5,V,,2025-06-05,,C,7:00:00,24,,,,
5,V,,2025-06-08,,C,7:00:00,24,,,,
5,V,,2025-11-05,,C,7:00:00,24,,,,
5,V,,2025-12-05,,C,7:00:00,24,,,,
5,V,,2025-12-08,,C,7:00:00,24,,,,
5,H,,2025-11-08,,C,7:00:00,24,,,,
5,H,,2025-12-11,,C,7:00:00,24,,,,
5,H,,2025-12-14,,C,7:00:00,24,,,,
5,H,,2025-12-17,,C,7:00:00,24,,,,
77,V,,2025-03-13,,C,7:00:00,24,,,,
77,V,,2025-03-16,,C,7:00:00,24,,,,
77,V,,2025-03-22,,C,7:00:00,24,,,,
77,V,,2025-06-05,,C,7:00:00,24,,,,
77,V,,2025-06-08,,C,7:00:00,24,,,,
77,V,,2025-02-17,,C,7:00:00,24,,,,
77,V,,2025-02-20,,C,7:00:00,24,,,,
77,V,,2025-09-24,,C,7:00:00,24,,,,
85,V,,2025-08-31,,C,7:00:00,24,,,,
85,V,,2025-09-03,,C,7:00:00,24,,,,
85,V,,2025-09-06,,C,7:00:00,24,,,,
85,V,,2025-09-09,,C,7:00:00,24,,,,
85,V,,2025-09-12,,C,7:00:00,24,,,,
85,V,,2025-07-20,,C,7:00:00,24,,,,
85,V,,2025-07-23,,C,7:00:00,24,,,,
85,V,,2025-09-21,,C,7:00:00,24,,,,
348,V,,2025-11-29,,C,7:00:00,24,,,,
348,V,,2025-12-29,,C,7:00:00,24,,,,
348,V,,2025-05-24,,C,7:00:00,24,,,,
348,V,,2025-03-13,,C,7:00:00,24,,,,
348,V,,2025-07-29,,C,7:00:00,24,,,,
348,V,,2025-02-23,,C,7:00:00,24,,,,
348,V,,2025-06-17,,C,7:00:00,24,,,,
348,V,,2025-07-11,,C,7:00:00,24,,,,
348,V,,2025-08-07,,C,7:00:00,24,,,,
348,V,,2026-01-04,,C,7:00:00,24,,,,
348,H,,2025-12-20,,C,7:00:00,24,,,,
352,V,,2025-02-14,,C,7:00:00,24,,,,
352,V,,2025-08-31,,C,7:00:00,24,,,,
352,V,,2025-09-03,,C,7:00:00,24,,,,
352,V,,2025-09-06,,C,7:00:00,24,,,,
352,V,,2025-02-08,,C,7:00:00,24,,,,
352,V,,2025-04-06,,C,7:00:00,24,,,,
352,V,,2025-05-03,,C,7:00:00,24,,,,
352,V,,2025-04-21,,C,7:00:00,24,,,,
352,V,,2025-11-14,,C,7:00:00,24,,,,
360,V,,2025-11-29,,C,7:00:00,24,,,,
360,V,,2025-12-29,,C,7:00:00,24,,,,
360,V,,2025-05-30,,C,7:00:00,24,,,,
360,V,,2025-06-02,,C,7:00:00,24,,,,
360,V,,2025-11-08,,C,7:00:00,24,,,,
360,V,,2025-11-11,,C,7:00:00,24,,,,
360,V,,2025-11-14,,C,7:00:00,24,,,,
360,V,,2025-11-17,,C,7:00:00,24,,,,
365,V,,2025-12-26,,C,7:00:00,24,,,,
365,V,,2025-12-23,,C,7:00:00,24,,,,
365,V,,2025-12-20,,C,7:00:00,24,,,,
365,V,,2025-12-08,,C,7:00:00,24,,,,
365,V,,2025-12-14,,C,7:00:00,24,,,,
365,V,,2025-03-10,,C,7:00:00,24,,,,
365,V,,2025-10-18,,C,7:00:00,24,,,,
365,V,,2025-09-27,,C,7:00:00,24,,,,
380,V,,2026-01-01,,C,7:00:00,24,,,,
380,V,,2025-02-14,,C,7:00:00,24,,,,
380,V,,2025-03-10,,C,7:00:00,24,,,,
380,V,,2025-04-27,,C,7:00:00,24,,,,
380,V,,2025-05-18,,C,7:00:00,24,,,,
392,V,,2025-12-26,,C,7:00:00,24,,,,
392,V,,2025-11-26,,C,7:00:00,24,,,,
392,V,,2025-02-02,,C,7:00:00,24,,,,
392,V,,2025-03-13,,C,7:00:00,24,,,,
392,V,,2025-04-21,,C,7:00:00,24,,,,
392,V,,2025-04-18,,C,7:00:00,24,,,,
392,V,,2025-12-20,,C,7:00:00,24,,,,
392,V,,2025-12-17,,C,7:00:00,24,,,,
402,V,,2025-12-23,,C,7:00:00,24,,,,
402,V,,2025-05-24,,C,7:00:00,24,,,,
402,V,,2025-03-16,,C,7:00:00,24,,,,
402,V,,2025-07-05,,C,7:00:00,24,,,,
402,V,,2025-07-23,,C,7:00:00,24,,,,
402,V,,2025-08-10,,C,7:00:00,24,,,,
402,V,,2025-04-27,,C,7:00:00,24,,,,
402,V,,2025-06-08,,C,7:00:00,24,,,,
402,V,,2025-05-21,,C,7:00:00,24,,,,
402,H,,2025-08-07,,C,7:00:00,24,,,,
402,H,,2025-08-13,,C,7:00:00,24,,,,
418,V,,2025-03-28,,C,7:00:00,24,,,,
418,V,,2025-03-25,,C,7:00:00,24,,,,
418,V,,2025-03-31,,C,7:00:00,24,,,,
418,V,,2025-04-03,,C,7:00:00,24,,,,
418,V,,2025-04-06,,C,7:00:00,24,,,,
418,V,,2025-05-18,,C,7:00:00,24,,,,
418,V,,2025-07-26,,C,7:00:00,24,,,,
418,V,,2025-07-29,,C,7:00:00,24,,,,
411,V,,2025-07-02,,C,7:00:00,24,,,,
411,V,,2025-09-06,,C,7:00:00,24,,,,
411,V,,2025-09-09,,C,7:00:00,12,,,,
411,V,,2025-09-12,,C,7:00:00,12,,,,
411,V,,2025-09-18,,C,7:00:00,12,,,,
411,V,,2025-09-15,,C,7:00:00,12,,,,
411,V,,2025-09-21,,C,7:00:00,24,,,,
411,V,,2025-09-24,,C,7:00:00,12,,,,
411,V,,2025-02-02,,C,7:00:00,24,,,,
411,V,,2025-02-05,,C,7:00:00,12,,,,
411,V,,2025-02-11,,C,7:00:00,12,,,,
413,V,,2025-03-19,,C,7:00:00,24,,,,
413,V,,2025-03-22,,C,7:00:00,24,,,,
413,V,,2025-03-10,,C,7:00:00,24,,,,
413,V,,2025-03-13,,C,7:00:00,24,,,,
413,V,,2025-02-05,,C,7:00:00,24,,,,
413,V,,2025-02-08,,C,7:00:00,24,,,,
413,V,,2025-12-29,,C,7:00:00,24,,,,
413,V,,2025-07-20,,C,7:00:00,24,,,,
413,V,,2025-05-27,,C,7:00:00,24,,,,
413,H,,2025-06-05,,C,7:00:00,24,,,,
428,V,,2025-09-24,,C,7:00:00,24,,,,
428,V,,2025-09-27,,C,7:00:00,24,,,,
428,V,,2025-09-30,,C,7:00:00,24,,,,
428,V,,2025-09-03,,C,7:00:00,24,,,,
428,V,,2025-09-06,,C,7:00:00,24,,,,
428,V,,2025-09-09,,C,7:00:00,24,,,,
428,V,,2025-04-03,,C,7:00:00,24,,,,
428,V,,2025-04-15,,C,7:00:00,24,,,,
428,V,,2025-04-21,,C,7:00:00,24,,,,
428,H,,2025-04-24,,C,7:00:00,24,,,,
428,H,,2025-04-27,,C,7:00:00,24,,,,
461,V,,2025-04-21,,C,7:00:00,24,,,,
461,V,,2026-01-01,,C,7:00:00,24,,,,
461,V,,2025-09-27,,C,7:00:00,24,,,,
461,V,,2025-06-17,,C,19:00:00,12,,,,
461,V,,2025-02-17,,C,7:00:00,24,,,,
468,V,,2025-06-14,,C,7:00:00,24,,,,
468,V,,2025-08-10,,C,7:00:00,24,,,,
468,V,,2025-05-09,,C,7:00:00,24,,,,
468,V,,2025-04-15,,C,7:00:00,24,,,,
468,V,,2025-06-02,,C,7:00:00,24,,,,
468,V,,2025-06-05,,C,7:00:00,24,,,,
468,V,,2025-06-08,,C,7:00:00,24,,,,
468,V,,2025-06-11,,C,7:00:00,24,,,,
482,V,,2026-01-01,,C,7:00:00,24,,,,
482,V,,2025-11-26,,C,7:00:00,24,,,,
482,V,,2025-07-20,,C,7:00:00,24,,,,
482,V,,2025-06-14,,C,7:00:00,24,,,,
482,V,,2025-06-08,,C,7:00:00,24,,,,
482,V,,2025-07-17,,C,7:00:00,24,,,,
482,V,,2025-07-14,,C,7:00:00,24,,,,
482,V,,2025-06-11,,C,7:00:00,24,,,,
482,V,,2025-06-29,,C,7:00:00,24,,,,
482,H,,2025-08-10,,C,7:00:00,24,,,,
482,H,,2025-05-03,,C,7:00:00,24,,,,
482,H,,2025-06-26,,C,7:00:00,24,,,,
491,V,,2025-03-19,,C,7:00:00,24,,,,
491,V,,2025-03-22,,C,7:00:00,24,,,,
491,V,,2025-11-23,,C,7:00:00,24,,,,
491,V,,2025-08-13,,C,7:00:00,24,,,,
491,V,,2025-08-10,,C,7:00:00,24,,,,
491,V,,2025-08-16,,C,7:00:00,24,,,,
501,V,,2025-05-18,,C,7:00:00,24,,,,
501,V,,2025-03-01,,C,7:00:00,24,,,,
501,V,,2025-09-06,,C,7:00:00,24,,,,
501,V,,2025-09-21,,C,7:00:00,24,,,,
501,V,,2025-09-27,,C,7:00:00,24,,,,
501,V,,2025-10-12,,C,7:00:00,24,,,,
501,V,,2025-06-14,,C,7:00:00,24,,,,
501,V,,2025-07-11,,C,7:00:00,24,,,,
488,V,,2025-05-24,,C,7:00:00,24,,,,
488,V,,2025-06-20,,C,7:00:00,12,,,,
488,V,,2025-06-02,,C,7:00:00,12,,,,
488,V,,2025-08-01,,C,7:00:00,12,,,,
488,V,,2025-08-25,,C,7:00:00,12,,,,
488,V,,2025-10-03,,C,7:00:00,12,,,,
488,V,,2025-12-05,,C,7:00:00,12,,,,
488,V,,2025-11-20,,C,7:00:00,12,,,,
488,V,,2025-07-17,,C,7:00:00,12,,,,
488,V,,2025-07-08,,C,7:00:00,12,,,,
488,V,,2025-10-30,,C,7:00:00,12,,,,
488,V,,2025-12-11,,C,7:00:00,12,,,,
488,V,,2025-08-19,,C,7:00:00,12,,,,
488,V,,2025-08-07,,C,7:00:00,12,,,,
488,V,,2025-09-18,,C,7:00:00,12,,,,
488,V,,2025-02-05,,C,7:00:00,12,,,,
488,V,,2025-02-11,,C,7:00:00,12,,,,
488,H,,2025-03-04,,C,7:00:00,12,,,,
488,H,,2025-04-03,,C,7:00:00,12,,,,
488,H,,2025-05-06,,C,7:00:00,12,,,,
488,H,,2025-05-15,,C,7:00:00,12,,,,
488,H,,2025-05-21,,C,7:00:00,12,,,,
488,H,,2025-10-21,,C,7:00:00,12,,,,
488,H,,2025-10-09,,C,7:00:00,12,,,,
488,H,,2025-05-12,,C,7:00:00,12,,,,
488,H,,2025-06-17,,C,7:00:00,12,,,,
488,H,,2025-07-29,,C,7:00:00,12,,,,
488,H,,2025-08-22,,C,7:00:00,12,,,,
488,H,,2025-12-08,,C,7:00:00,12,,,,
517,V,,2025-11-26,,C,7:00:00,24,,,,
517,V,,2026-01-01,,C,7:00:00,24,,,,
517,V,,2025-02-20,,C,7:00:00,24,,,,
517,V,,2025-05-03,,C,7:00:00,24,,,,
517,V,,2025-05-30,,C,7:00:00,24,,,,
517,V,,2025-06-20,,C,7:00:00,24,,,,
523,V,,2025-02-02,,C,7:00:00,24,,,,
523,V,,2025-02-14,,C,7:00:00,24,,,,
523,V,,2025-02-17,,C,7:00:00,24,,,,
523,V,,2025-02-26,,C,7:00:00,24,,,,
523,V,,2025-03-01,,C,7:00:00,24,,,,
523,V,,2025-06-17,,C,7:00:00,24,,,,
523,V,,2025-09-27,,C,7:00:00,24,,,,
523,V,,2025-08-04,,C,7:00:00,24,,,,
523,H,,2025-08-07,,C,7:00:00,24,,,,
540,V,,2025-04-06,,C,7:00:00,24,,,,
540,V,,2025-04-09,,C,7:00:00,24,,,,
540,V,,2025-04-12,,C,7:00:00,24,,,,
540,V,,2025-02-08,,C,7:00:00,24,,,,
540,V,,2025-03-31,,C,7:00:00,24,,,,
540,V,,2025-04-03,,C,7:00:00,24,,,,
582,V,,2025-03-22,,C,7:00:00,24,,,,
582,V,,2025-04-06,,C,7:00:00,24,,,,
582,V,,2025-03-01,,C,7:00:00,24,,,,
582,V,,2025-06-20,,C,7:00:00,24,,,,
582,V,,2025-06-23,,C,7:00:00,24,,,,
560,V,,2025-08-31,,C,7:00:00,24,,,,
560,V,,2025-02-14,,C,7:00:00,24,,,,
560,V,,2025-03-07,,C,7:00:00,24,,,,
603,V,,2025-04-09,,C,7:00:00,24,,,,
603,V,,2025-04-12,,C,7:00:00,24,,,,
603,V,,2025-04-15,,C,7:00:00,24,,,,
603,V,,2025-04-18,,C,7:00:00,24,,,,
603,V,,2025-04-21,,C,7:00:00,24,,,,
603,V,,2025-04-24,,C,7:00:00,24,,,,
603,V,,2025-04-27,,C,7:00:00,24,,,,
603,V,,2025-04-30,,C,7:00:00,24,,,,
603,H,,2025-05-03,,C,7:00:00,24,,,,
603,H,,2025-05-06,,C,7:00:00,24,,,,
609,V,,2025-02-08,,C,7:00:00,24,,,,
609,V,,2025-03-01,,C,7:00:00,24,,,,
609,V,,2025-07-02,,C,7:00:00,24,,,,
609,V,,2025-10-06,,C,7:00:00,24,,,,
609,V,,2025-10-09,,C,7:00:00,24,,,,
609,V,,2025-05-30,,C,7:00:00,24,,,,
559,V,,2026-01-01,,C,7:00:00,24,,,,
559,V,,2025-12-29,,C,7:00:00,24,,,,
559,V,,2025-12-23,,C,7:00:00,24,,,,
559,V,,2025-08-25,,C,7:00:00,24,,,,
559,V,,2025-08-28,,C,7:00:00,24,,,,
559,V,,2025-08-22,,C,7:00:00,24,,,,
559,V,,2025-08-19,,C,7:00:00,24,,,,
566,V,,2025-03-07,,C,7:00:00,24,,,,
566,V,,2025-03-04,,C,7:00:00,24,,,,
566,V,,2025-03-10,,C,7:00:00,24,,,,
566,V,,2025-05-03,,C,7:00:00,24,,,,
566,V,,2025-05-06,,C,7:00:00,24,,,,
566,V,,2025-12-02,,C,7:00:00,24,,,,
566,V,,2025-11-23,,C,7:00:00,24,,,,
566,V,,2025-11-20,,C,7:00:00,24,,,,
566,H,,2025-11-17,,C,7:00:00,24,,,,
566,H,,2025-11-11,,C,7:00:00,24,,,,
566,H,,2025-11-08,,C,7:00:00,24,,,,
566,H,,2025-11-05,,C,7:00:00,24,,,,
566,H,,2025-11-02,,C,7:00:00,24,,,,
566,H,,2025-02-02,,C,7:00:00,24,,,,
553,V,,2025-03-13,,C,7:00:00,24,,,,
553,V,,2025-03-16,,C,7:00:00,24,,,,
553,V,,2025-07-14,,C,7:00:00,24,,,,
553,V,,2025-07-17,,C,7:00:00,24,,,,
553,V,,2025-04-18,,C,7:00:00,24,,,,
553,V,,2025-06-20,,C,7:00:00,24,,,,
553,V,,2025-09-12,,C,7:00:00,24,,,,
553,V,,2025-11-14,,C,7:00:00,24,,,,
553,H,,2025-02-11,,C,7:00:00,24,,,,
594,V,,2025-05-27,,C,7:00:00,24,,,,
594,V,,2025-05-30,,C,7:00:00,24,,,,
594,V,,2025-06-02,,C,7:00:00,24,,,,
594,V,,2025-11-11,,C,7:00:00,24,,,,
594,V,,2025-11-14,,C,7:00:00,24,,,,
594,V,,2025-06-23,,C,7:00:00,24,,,,
591,V,,2025-10-15,,C,7:00:00,24,,,,
591,V,,2025-10-18,,C,7:00:00,24,,,,
591,V,,2025-04-12,,C,7:00:00,24,,,,
591,V,,2025-04-09,,C,7:00:00,24,,,,
591,V,,2025-08-10,,C,7:00:00,24,,,,
591,V,,2025-08-07,,C,7:00:00,24,,,,
591,V,,2025-08-04,,C,7:00:00,24,,,,
591,V,,2025-08-01,,C,7:00:00,24,,,,
561,V,,2025-11-26,,C,7:00:00,24,,,,
561,V,,2025-11-29,,C,7:00:00,24,,,,
561,V,,2025-10-30,,C,7:00:00,24,,,,
561,V,,2025-07-05,,C,7:00:00,24,,,,
561,V,,2025-08-31,,C,7:00:00,24,,,,
561,V,,2025-11-02,,C,7:00:00,24,,,,
561,V,,2025-05-06,,C,7:00:00,24,,,,
561,V,,2025-05-27,,C,7:00:00,24,,,,
561,H,,2025-03-28,,C,7:00:00,24,,,,
561,H,,2025-03-25,,C,7:00:00,24,,,,
561,H,,2025-06-29,,C,7:00:00,24,,,,
556,V,,2025-07-05,,C,7:00:00,24,,,,
556,V,,2025-11-29,,C,7:00:00,24,,,,
556,V,,2025-07-20,,C,7:00:00,24,,,,
556,V,,2025-05-09,,C,7:00:00,24,,,,
556,V,,2025-05-24,,C,7:00:00,24,,,,
556,V,,2025-02-02,,C,7:00:00,24,,,,
556,V,,2025-10-03,,C,7:00:00,24,,,,
556,V,,2025-02-05,,C,7:00:00,24,,,,
556,H,,2025-03-28,,C,7:00:00,24,,,,
565,V,,2025-05-24,,C,7:00:00,24,,,,
565,V,,2025-05-27,,C,7:00:00,24,,,,
565,V,,2025-09-03,,C,7:00:00,24,,,,
565,V,,2025-08-31,,C,7:00:00,24,,,,
565,V,,2025-02-11,,C,7:00:00,24,,,,
565,V,,2025-08-16,,C,7:00:00,24,,,,
565,V,,2025-08-13,,C,7:00:00,24,,,,
565,V,,2025-08-19,,C,7:00:00,24,,,,
565,H,,2025-06-29,,C,7:00:00,24,,,,
565,H,,2025-07-02,,C,7:00:00,24,,,,
565,H,,2025-09-09,,C,7:00:00,24,,,,
668,V,,2025-02-17,,C,7:00:00,24,,,,
668,V,,2025-04-18,,C,7:00:00,24,,,,
668,V,,2025-08-16,,C,7:00:00,24,,,,
668,V,,2025-11-02,,C,7:00:00,24,,,,
635,V,,2025-03-28,,C,7:00:00,24,,,,
635,V,,2025-05-09,,C,7:00:00,24,,,,
635,V,,2025-10-15,,C,7:00:00,24,,,,
635,V,,2025-10-18,,C,7:00:00,24,,,,
635,V,,2025-10-21,,C,7:00:00,24,,,,
635,V,,2025-10-24,,C,7:00:00,24,,,,
635,V,,2025-09-12,,C,7:00:00,24,,,,
666,V,,2025-03-07,,C,7:00:00,24,,,,
666,V,,2025-03-10,,C,7:00:00,24,,,,
666,V,,2025-07-17,,C,7:00:00,24,,,,
666,V,,2025-11-20,,C,7:00:00,24,,,,
666,V,,2025-08-22,,C,7:00:00,24,,,,
669,V,,2025-05-18,,C,7:00:00,24,,,,
669,V,,2025-11-29,,C,7:00:00,24,,,,
669,V,,2025-07-20,,C,7:00:00,24,,,,
639,V,,2025-03-07,,C,7:00:00,24,,,,
639,V,,2025-07-05,,C,7:00:00,24,,,,
639,V,,2025-11-23,,C,7:00:00,24,,,,
639,V,,2026-01-16,,C,7:00:00,24,,,,
639,V,,2026-01-19,,C,7:00:00,24,,,,
731,V,,2025-02-08,,C,7:00:00,24,,,,
731,V,,2025-05-06,,C,7:00:00,24,,,,
731,V,,2025-05-09,,C,7:00:00,24,,,,
731,V,,2025-05-12,,C,7:00:00,24,,,,
731,V,,2025-05-15,,C,7:00:00,24,,,,
731,V,,2025-06-14,,C,7:00:00,24,,,,
731,V,,2025-10-18,,C,7:00:00,24,,,,
731,V,,2025-08-16,,C,7:00:00,24,,,,
731,H,,2025-11-23,,C,7:00:00,24,,,,
722,V,,2025-07-05,,C,7:00:00,24,,,,
722,V,,2025-08-25,,C,7:00:00,24,,,,
722,V,,2025-11-14,,C,7:00:00,24,,,,
722,V,,2025-03-01,,C,7:00:00,24,,,,
722,V,,2025-03-31,,C,7:00:00,24,,,,
722,V,,2025-08-04,,C,7:00:00,24,,,,
694,V,,2025-03-19,,C,7:00:00,24,,,,
694,V,,2025-03-22,,C,7:00:00,24,,,,
694,V,,2025-06-14,,C,7:00:00,24,,,,
694,V,,2025-05-27,,C,7:00:00,24,,,,
694,V,,2025-06-02,,C,7:00:00,24,,,,
694,V,,2025-06-05,,C,7:00:00,24,,,,
694,V,,2025-07-29,,C,7:00:00,24,,,,
694,V,,2025-08-01,,C,7:00:00,24,,,,
694,H,,2025-10-12,,C,7:00:00,24,,,,
691,V,,2025-06-20,,C,7:00:00,24,,,,
691,V,,2025-06-23,,C,7:00:00,24,,,,
691,V,,2025-07-23,,C,7:00:00,24,,,,
691,V,,2025-08-13,,C,7:00:00,24,,,,
691,V,,2025-05-21,,C,7:00:00,24,,,,
691,V,,2025-12-20,,C,7:00:00,24,,,,
691,V,,2025-10-03,,C,7:00:00,24,,,,
691,V,,2025-05-12,,C,7:00:00,24,,,,
699,V,,2025-10-12,,C,7:00:00,24,,,,
699,V,,2025-10-15,,C,7:00:00,24,,,,
699,V,,2025-10-18,,C,7:00:00,24,,,,
699,V,,2025-04-15,,C,7:00:00,24,,,,
699,V,,2025-04-18,,C,7:00:00,24,,,,
699,V,,2025-04-09,,C,7:00:00,24,,,,
699,V,,2025-12-02,,C,7:00:00,24,,,,
699,V,,2025-12-05,,C,7:00:00,24,,,,
699,H,,2025-12-08,,C,7:00:00,24,,,,
699,H,,2025-11-11,,C,7:00:00,24,,,,
699,H,,2025-11-17,,C,7:00:00,24,,,,
699,H,,2025-11-20,,C,7:00:00,24,,,,
699,H,,2025-11-23,,C,7:00:00,24,,,,
699,H,,2026-01-04,,C,7:00:00,24,,,,
714,V,,2025-09-09,,C,7:00:00,24,,,,
714,V,,2025-09-12,,C,7:00:00,24,,,,
732,V,,2025-02-14,,C,7:00:00,24,,,,
732,V,,2025-02-11,,C,7:00:00,24,,,,
732,V,,2025-02-17,,C,7:00:00,24,,,,
732,V,,2025-03-31,,C,7:00:00,24,,,,
732,V,,2025-04-03,,C,7:00:00,24,,,,
23,V,,2025-12-24,,A,7:00:00,24,,,,
23,V,,2025-11-27,,A,7:00:00,24,,,,
23,V,,2025-03-11,,A,7:00:00,24,,,,
23,V,,2025-03-14,,A,7:00:00,24,,,,
23,V,,2025-03-08,,A,7:00:00,24,,,,
23,V,,2025-07-03,,A,7:00:00,24,,,,
23,V,,2025-05-22,,A,7:00:00,24,,,,
23,V,,2025-09-13,,A,7:00:00,24,,,,
23,V,,2025-09-16,,A,7:00:00,24,,,,
23,V,,2025-09-22,,A,7:00:00,24,,,,
23,V,,2025-02-27,,A,7:00:00,24,,,,
23,V,,2025-03-02,,A,7:00:00,24,,,,
23,H,,2025-07-18,,A,7:00:00,24,,,,
23,H,,2025-11-09,,A,7:00:00,24,,,,
11,V,,2025-05-28,,A,7:00:00,24,,,,
11,V,,2025-05-31,,A,7:00:00,24,,,,
11,V,,2025-06-03,,A,7:00:00,24,,,,
11,V,,2025-12-21,,A,7:00:00,24,,,,
11,V,,2025-03-17,,A,7:00:00,24,,,,
11,V,,2025-03-20,,A,7:00:00,24,,,,
11,V,,2025-04-22,,A,7:00:00,24,,,,
11,V,,2025-04-25,,A,7:00:00,24,,,,
11,V,,2025-10-28,,A,7:00:00,24,,,,
11,V,,2025-10-25,,A,7:00:00,24,,,,
11,V,,2025-10-22,,A,7:00:00,24,,,,
34,V,,2025-12-27,,A,7:00:00,24,,,,
34,V,,2025-12-30,,A,7:00:00,24,,,,
34,V,,2025-03-14,,A,7:00:00,24,,,,
34,V,,2025-11-24,,A,7:00:00,24,,,,
34,V,,2025-03-11,,A,7:00:00,24,,,,
34,V,,2025-07-24,,A,7:00:00,24,,,,
34,V,,2025-07-21,,A,7:00:00,24,,,,
34,V,,2025-09-01,,A,7:00:00,24,,,,
34,V,,2025-06-18,,A,7:00:00,24,,,,
34,V,,2025-08-11,,A,7:00:00,24,,,,
34,V,,2025-08-05,,A,7:00:00,24,,,,
34,V,,2026-01-05,,A,7:00:00,24,,,,
39,V,,2025-12-09,,A,7:00:00,24,,,,
39,V,,2025-05-01,,A,7:00:00,24,,,,
39,V,,2025-03-05,,A,7:00:00,24,,,,
39,V,,2025-06-15,,A,7:00:00,24,,,,
39,V,,2025-07-18,,A,7:00:00,24,,,,
21,V,,2026-01-02,,A,7:00:00,24,,,,
21,V,,2025-12-30,,A,7:00:00,24,,,,
21,V,,2025-05-28,,A,7:00:00,24,,,,
21,V,,2025-05-31,,A,7:00:00,24,,,,
21,V,,2025-06-03,,A,7:00:00,24,,,,
21,V,,2025-06-21,,A,7:00:00,24,,,,
21,V,,2025-06-24,,A,7:00:00,24,,,,
21,V,,2025-07-15,,A,7:00:00,24,,,,
21,V,,2025-07-18,,A,7:00:00,24,,,,
21,V,,2025-08-29,,A,7:00:00,24,,,,
21,V,,2025-08-26,,A,7:00:00,24,,,,
21,V,,2025-03-26,,A,7:00:00,24,,,,
21,H,,2025-11-21,,A,7:00:00,24,,,,
12,V,,2025-12-27,,A,7:00:00,24,,,,
12,V,,2025-10-10,,A,7:00:00,24,,,,
12,V,,2025-10-13,,A,7:00:00,24,,,,
12,V,,2025-10-16,,A,7:00:00,24,,,,
12,V,,2025-10-19,,A,7:00:00,24,,,,
12,V,,2025-05-10,,A,7:00:00,24,,,,
12,V,,2025-05-13,,A,7:00:00,24,,,,
12,V,,2025-09-01,,A,7:00:00,24,,,,
26,V,,2025-11-27,,A,7:00:00,24,,,,
26,V,,2025-10-31,,A,7:00:00,24,,,,
26,V,,2025-02-15,,A,7:00:00,24,,,,
26,V,,2025-08-23,,A,7:00:00,24,,,,
26,V,,2025-02-03,,A,7:00:00,24,,,,
26,V,,2025-09-19,,A,7:00:00,24,,,,
26,V,,2025-09-22,,A,7:00:00,24,,,,
26,V,,2025-09-25,,A,7:00:00,24,,,,
26,V,,2025-08-26,,A,7:00:00,24,,,,
26,V,,2025-05-10,,A,7:00:00,24,,,,
24,V,,2025-04-19,,A,7:00:00,24,,,,
24,V,,2025-05-25,,A,7:00:00,24,,,,
24,V,,2025-05-28,,A,7:00:00,24,,,,
24,V,,2025-05-31,,A,7:00:00,24,,,,
24,V,,2025-12-12,,A,7:00:00,24,,,,
24,V,,2025-07-03,,A,7:00:00,24,,,,
24,V,,2025-08-29,,A,7:00:00,24,,,,
24,V,,2025-10-25,,A,7:00:00,24,,,,
47,V,,2025-12-24,,A,7:00:00,24,,,,
47,V,,2025-05-10,,A,7:00:00,24,,,,
47,V,,2025-05-04,,A,7:00:00,24,,,,
47,V,,2025-04-04,,A,7:00:00,24,,,,
47,V,,2025-05-13,,A,7:00:00,24,,,,
47,V,,2025-08-17,,A,7:00:00,24,,,,
47,V,,2025-12-18,,A,7:00:00,24,,,,
349,V,,2025-07-03,,A,7:00:00,24,,,,
349,V,,2025-07-06,,A,7:00:00,24,,,,
349,V,,2025-02-03,,A,7:00:00,24,,,,
349,V,,2025-05-25,,A,7:00:00,24,,,,
349,V,,2025-08-29,,A,7:00:00,24,,,,
349,V,,2025-09-01,,A,7:00:00,24,,,,
349,V,,2025-06-12,,A,7:00:00,24,,,,
371,V,,2025-03-17,,A,7:00:00,24,,,,
371,V,,2025-02-09,,A,7:00:00,24,,,,
371,V,,2025-06-21,,A,7:00:00,24,,,,
371,V,,2025-02-15,,A,7:00:00,24,,,,
371,V,,2025-03-29,,A,7:00:00,24,,,,
371,V,,2025-04-25,,A,7:00:00,24,,,,
371,V,,2025-03-02,,A,7:00:00,24,,,,
371,V,,2025-03-08,,A,7:00:00,24,,,,
383,V,,2025-05-28,,A,7:00:00,24,,,,
383,V,,2025-05-31,,A,7:00:00,24,,,,
383,V,,2026-01-02,,A,7:00:00,24,,,,
404,V,,2025-12-24,,A,7:00:00,24,,,,
404,V,,2025-12-21,,A,7:00:00,24,,,,
404,V,,2025-03-14,,A,7:00:00,24,,,,
404,V,,2025-03-17,,A,7:00:00,24,,,,
404,V,,2025-07-03,,A,7:00:00,24,,,,
404,V,,2025-07-06,,A,7:00:00,24,,,,
404,V,,2025-03-08,,A,7:00:00,24,,,,
404,V,,2025-06-12,,A,7:00:00,24,,,,
424,V,,2025-12-24,,A,7:00:00,24,,,,
424,V,,2025-06-15,,A,7:00:00,24,,,,
424,V,,2025-05-25,,A,7:00:00,24,,,,
424,V,,2025-06-27,,A,7:00:00,24,,,,
424,V,,2025-10-22,,A,7:00:00,24,,,,
424,V,,2025-04-16,,A,7:00:00,24,,,,
424,V,,2025-05-04,,A,7:00:00,24,,,,
439,V,,2025-07-06,,A,7:00:00,24,,,,
439,V,,2025-07-03,,A,7:00:00,24,,,,
439,V,,2025-02-21,,A,7:00:00,24,,,,
439,V,,2025-02-24,,A,7:00:00,24,,,,
439,V,,2025-03-23,,A,7:00:00,24,,,,
439,V,,2025-06-09,,A,7:00:00,24,,,,
439,V,,2025-06-06,,A,7:00:00,24,,,,
439,V,,2025-08-23,,A,7:00:00,24,,,,
449,V,,2025-12-24,,A,7:00:00,24,,,,
449,V,,2025-12-27,,A,7:00:00,24,,,,
449,V,,2025-12-30,,A,7:00:00,24,,,,
449,V,,2025-11-30,,A,7:00:00,24,,,,
449,V,,2025-11-24,,A,7:00:00,24,,,,
449,V,,2025-06-21,,A,7:00:00,24,,,,
449,V,,2025-03-20,,A,7:00:00,24,,,,
470,V,,2025-02-09,,A,7:00:00,24,,,,
470,V,,2025-02-15,,A,7:00:00,24,,,,
470,V,,2025-04-07,,A,7:00:00,24,,,,
470,V,,2025-04-10,,A,7:00:00,24,,,,
470,V,,2025-04-13,,A,7:00:00,24,,,,
470,V,,2025-04-16,,A,7:00:00,24,,,,
470,V,,2025-11-30,,A,7:00:00,24,,,,
473,V,,2025-05-16,,A,7:00:00,24,,,,
473,V,,2025-05-19,,A,7:00:00,24,,,,
473,V,,2025-05-22,,A,7:00:00,24,,,,
473,V,,2025-04-22,,A,7:00:00,24,,,,
473,V,,2025-04-25,,A,7:00:00,24,,,,
473,V,,2025-04-28,,A,7:00:00,24,,,,
465,V,,2025-07-18,,A,7:00:00,24,,,,
465,V,,2025-07-21,,A,7:00:00,24,,,,
465,V,,2025-07-24,,A,7:00:00,24,,,,
465,V,,2025-07-27,,A,7:00:00,24,,,,
465,V,,2025-07-30,,A,7:00:00,24,,,,
465,V,,2025-08-20,,A,7:00:00,24,,,,
465,V,,2025-08-23,,A,7:00:00,24,,,,
465,V,,2025-08-26,,A,7:00:00,24,,,,
465,V,,2025-08-29,,A,7:00:00,24,,,,
465,H,,2025-06-24,,A,7:00:00,24,,,,
465,H,,2025-06-30,,A,7:00:00,24,,,,
460,V,,2025-06-21,,A,7:00:00,24,,,,
460,V,,2025-11-15,,A,7:00:00,24,,,,
460,V,,2025-05-16,,A,7:00:00,24,,,,
460,V,,2025-09-13,,A,7:00:00,24,,,,
460,V,,2025-09-16,,A,7:00:00,24,,,,
460,V,,2025-09-19,,A,7:00:00,24,,,,
460,V,,2025-09-22,,A,7:00:00,24,,,,
460,V,,2025-09-25,,A,7:00:00,24,,,,
460,V,,2025-09-28,,A,7:00:00,24,,,,
480,V,,2025-11-27,,A,7:00:00,24,,,,
480,V,,2025-10-31,,A,7:00:00,24,,,,
480,V,,2025-04-16,,A,7:00:00,24,,,,
494,V,,2025-02-12,,A,7:00:00,24,,,,
494,V,,2025-11-27,,A,7:00:00,24,,,,
494,V,,2025-03-17,,A,7:00:00,24,,,,
494,V,,2025-03-20,,A,7:00:00,24,,,,
494,V,,2025-02-06,,A,7:00:00,24,,,,
494,V,,2025-02-09,,A,7:00:00,24,,,,
494,V,,2025-10-13,,A,7:00:00,24,,,,
494,V,,2025-10-16,,A,7:00:00,24,,,,
494,V,,2025-08-11,,A,7:00:00,24,,,,
494,H,,2025-04-01,,A,7:00:00,24,,,,
494,H,,2025-04-04,,A,7:00:00,24,,,,
489,V,,2025-08-05,,A,7:00:00,24,,,,
489,V,,2025-08-08,,A,7:00:00,24,,,,
489,V,,2025-08-11,,A,7:00:00,24,,,,
489,V,,2025-08-14,,A,7:00:00,24,,,,
489,V,,2025-08-17,,A,7:00:00,24,,,,
489,V,,2025-08-20,,A,7:00:00,24,,,,
489,V,,2025-08-23,,A,7:00:00,24,,,,
489,V,,2025-08-26,,A,7:00:00,24,,,,
489,V,,2025-02-06,,A,7:00:00,24,,,,
489,H,,2025-11-06,,A,7:00:00,24,,,,
489,H,,2025-09-10,,A,7:00:00,24,,,,
489,H,,2025-12-06,,A,7:00:00,24,,,,
489,H,,2025-11-03,,A,7:00:00,24,,,,
489,H,,2025-07-30,,A,7:00:00,24,,,,
489,H,,2025-04-07,,A,7:00:00,24,,,,
500,V,,2025-11-27,,A,7:00:00,24,,,,
500,V,,2025-05-25,,A,7:00:00,24,,,,
500,V,,2025-09-01,,A,7:00:00,24,,,,
500,V,,2025-12-27,,A,7:00:00,24,,,,
500,V,,2025-10-04,,A,7:00:00,24,,,,
500,V,,2025-10-10,,A,7:00:00,24,,,,
500,V,,2025-10-13,,A,7:00:00,24,,,,
500,V,,2025-10-07,,A,7:00:00,24,,,,
511,V,,2025-04-13,,A,7:00:00,24,,,,
511,V,,2025-04-10,,A,7:00:00,24,,,,
511,V,,2025-04-16,,A,7:00:00,24,,,,
511,V,,2025-04-19,,A,7:00:00,24,,,,
511,V,,2025-03-02,,A,7:00:00,24,,,,
511,V,,2025-07-09,,A,7:00:00,24,,,,
511,V,,2025-07-12,,A,7:00:00,24,,,,
511,V,,2025-07-15,,A,7:00:00,24,,,,
505,V,,2025-04-19,,A,7:00:00,24,,,,
505,V,,2025-12-30,,A,7:00:00,24,,,,
505,V,,2025-04-25,,A,7:00:00,24,,,,
505,V,,2025-05-10,,A,7:00:00,24,,,,
505,V,,2025-04-22,,A,7:00:00,24,,,,
505,V,,2025-05-13,,A,7:00:00,24,,,,
505,V,,2025-11-09,,A,7:00:00,24,,,,
505,V,,2025-11-12,,A,7:00:00,24,,,,
505,V,,2025-11-15,,A,7:00:00,24,,,,
522,V,,2025-08-02,,A,7:00:00,24,,,,
522,V,,2025-08-05,,A,7:00:00,24,,,,
522,V,,2025-08-08,,A,7:00:00,24,,,,
522,V,,2025-10-04,,A,7:00:00,24,,,,
550,V,,2025-10-31,,A,7:00:00,24,,,,
550,V,,2025-02-24,,A,7:00:00,24,,,,
550,V,,2025-11-12,,A,7:00:00,24,,,,
550,V,,2025-06-24,,A,7:00:00,24,,,,
550,V,,2025-06-27,,A,7:00:00,24,,,,
550,V,,2025-09-10,,A,7:00:00,24,,,,
593,V,,2025-03-20,,A,7:00:00,24,,,,
593,V,,2025-09-13,,A,7:00:00,24,,,,
593,V,,2025-10-01,,A,7:00:00,24,,,,
593,V,,2025-10-04,,A,7:00:00,24,,,,
593,V,,2025-03-23,,A,7:00:00,24,,,,
587,V,,2025-02-03,,A,7:00:00,24,,,,
587,V,,2025-03-08,,A,7:00:00,24,,,,
576,V,,2025-12-18,,A,7:00:00,24,,,,
576,V,,2025-07-12,,A,7:00:00,24,,,,
576,V,,2025-07-09,,A,7:00:00,24,,,,
576,V,,2025-10-19,,A,7:00:00,24,,,,
576,V,,2025-03-02,,A,7:00:00,24,,,,
576,V,,2025-05-04,,A,7:00:00,24,,,,
576,V,,2025-12-15,,A,7:00:00,24,,,,
576,V,,2025-08-08,,A,7:00:00,24,,,,
576,H,,2025-10-10,,A,7:00:00,24,,,,
576,H,,2025-11-09,,A,7:00:00,24,,,,
613,V,,2025-10-25,,A,7:00:00,24,,,,
613,V,,2025-10-22,,A,7:00:00,24,,,,
613,V,,2025-10-19,,A,7:00:00,24,,,,
613,V,,2025-10-28,,A,7:00:00,24,,,,
604,V,,2025-03-05,,A,7:00:00,24,,,,
604,V,,2025-03-08,,A,7:00:00,24,,,,
604,V,,2025-08-17,,A,7:00:00,24,,,,
604,V,,2025-10-04,,A,7:00:00,24,,,,
604,V,,2025-06-12,,A,7:00:00,24,,,,
604,V,,2025-06-18,,A,7:00:00,24,,,,
604,V,,2025-06-21,,A,7:00:00,24,,,,
604,V,,2025-06-24,,A,7:00:00,24,,,,
604,H,,2025-06-27,,A,7:00:00,24,,,,
604,H,,2025-06-30,,A,7:00:00,24,,,,
604,H,,2025-07-09,,A,7:00:00,24,,,,
604,H,,2025-07-12,,A,7:00:00,24,,,,
557,V,,2025-10-31,,A,7:00:00,24,,,,
557,V,,2025-06-15,,A,7:00:00,24,,,,
557,V,,2025-05-04,,A,7:00:00,24,,,,
557,V,,2025-03-23,,A,7:00:00,24,,,,
557,V,,2025-03-20,,A,7:00:00,24,,,,
557,V,,2025-03-17,,A,7:00:00,24,,,,
557,V,,2025-12-30,,A,7:00:00,24,,,,
557,V,,2026-01-02,,A,7:00:00,24,,,,
557,H,,2025-11-06,,A,7:00:00,24,,,,
557,H,,2025-11-09,,A,7:00:00,24,,,,
568,V,,2025-11-15,,A,7:00:00,24,,,,
568,V,,2025-11-30,,A,7:00:00,24,,,,
568,V,,2026-01-02,,A,7:00:00,24,,,,
568,V,,2025-07-06,,A,7:00:00,24,,,,
568,V,,2025-09-13,,A,7:00:00,24,,,,
568,V,,2026-01-11,,A,7:00:00,24,,,,
568,V,,2026-01-17,,A,7:00:00,24,,,,
578,V,,2025-09-19,,A,7:00:00,24,,,,
578,V,,2025-10-28,,A,7:00:00,24,,,,
578,V,,2025-05-25,,A,7:00:00,24,,,,
578,V,,2025-09-01,,A,7:00:00,24,,,,
563,V,,2025-11-30,,A,7:00:00,24,,,,
563,V,,2025-11-24,,A,7:00:00,24,,,,
598,V,,2025-10-31,,A,7:00:00,24,,,,
598,V,,2025-10-28,,A,7:00:00,24,,,,
588,V,,2025-04-28,,A,7:00:00,24,,,,
588,V,,2025-04-25,,A,7:00:00,24,,,,
588,V,,2025-04-22,,A,7:00:00,24,,,,
588,V,,2025-04-19,,A,7:00:00,24,,,,
588,V,,2025-04-13,,A,7:00:00,24,,,,
588,V,,2025-04-10,,A,7:00:00,24,,,,
588,V,,2025-04-07,,A,7:00:00,24,,,,
588,V,,2025-04-04,,A,7:00:00,24,,,,
588,H,,2025-04-01,,A,7:00:00,24,,,,
588,H,,2025-02-24,,A,7:00:00,24,,,,
597,V,,2025-03-14,,A,7:00:00,24,,,,
597,V,,2025-03-11,,A,7:00:00,24,,,,
597,V,,2025-06-15,,A,7:00:00,24,,,,
597,V,,2025-07-06,,A,7:00:00,24,,,,
597,V,,2025-07-09,,A,7:00:00,24,,,,
597,V,,2025-07-12,,A,7:00:00,24,,,,
597,V,,2025-07-15,,A,7:00:00,24,,,,
597,V,,2025-05-10,,A,7:00:00,24,,,,
597,H,,2025-03-05,,A,7:00:00,24,,,,
623,V,,2025-07-21,,A,7:00:00,24,,,,
623,V,,2025-07-24,,A,7:00:00,24,,,,
623,V,,2025-07-27,,A,7:00:00,24,,,,
623,V,,2025-04-19,,A,7:00:00,24,,,,
623,V,,2025-02-03,,A,7:00:00,24,,,,
623,V,,2025-02-15,,A,7:00:00,24,,,,
623,V,,2025-02-18,,A,7:00:00,24,,,,
656,V,,2026-01-26,,A,7:00:00,24,,,,
656,V,,2026-01-29,,A,7:00:00,24,,,,
656,V,,2025-12-21,,A,7:00:00,24,,,,
656,V,,2025-12-18,,A,7:00:00,24,,,,
656,V,,2025-02-27,,A,7:00:00,24,,,,
628,V,,2025-05-22,,A,7:00:00,24,,,,
628,V,,2025-10-13,,A,7:00:00,24,,,,
628,V,,2025-10-10,,A,7:00:00,24,,,,
628,V,,2025-10-16,,A,7:00:00,24,,,,
628,V,,2025-10-07,,A,7:00:00,24,,,,
628,V,,2025-10-19,,A,7:00:00,24,,,,
628,V,,2025-10-22,,A,7:00:00,24,,,,
628,V,,2025-10-25,,A,7:00:00,24,,,,
628,H,,2025-02-06,,A,7:00:00,24,,,,
628,H,,2025-10-01,,A,7:00:00,24,,,,
628,H,,2025-09-28,,A,7:00:00,24,,,,
628,H,,2025-09-25,,A,7:00:00,24,,,,
654,V,,2025-02-15,,A,7:00:00,24,,,,
654,V,,2025-12-21,,A,7:00:00,24,,,,
654,V,,2025-12-18,,A,7:00:00,24,,,,
654,V,,2026-01-05,,A,7:00:00,24,,,,
654,V,,2026-01-08,,A,7:00:00,24,,,,
654,V,,2025-02-03,,A,7:00:00,24,,,,
654,V,,2025-02-06,,A,7:00:00,24,,,,
654,V,,2025-02-09,,A,7:00:00,24,,,,
654,H,,2025-02-12,,A,7:00:00,24,,,,
654,H,,2025-03-02,,A,7:00:00,24,,,,
654,H,,2025-03-05,,A,7:00:00,24,,,,
654,H,,2025-03-11,,A,7:00:00,24,,,,
654,H,,2025-02-27,,A,7:00:00,24,,,,
654,H,,2025-02-18,,A,7:00:00,24,,,,
629,V,,2025-06-18,,A,7:00:00,24,,,,
629,V,,2025-07-27,,A,7:00:00,24,,,,
629,V,,2025-12-12,,A,7:00:00,24,,,,
629,V,,2025-09-13,,A,7:00:00,24,,,,
629,V,,2026-01-29,,A,7:00:00,24,,,,
629,V,,2025-08-05,,A,7:00:00,24,,,,
629,V,,2025-04-04,,A,7:00:00,24,,,,
645,V,,2025-12-27,,A,7:00:00,24,,,,
645,V,,2025-12-21,,A,7:00:00,24,,,,
645,V,,2025-11-24,,A,7:00:00,24,,,,
645,V,,2025-11-21,,A,7:00:00,24,,,,
645,V,,2025-10-13,,A,7:00:00,24,,,,
645,V,,2025-10-10,,A,7:00:00,24,,,,
645,V,,2025-09-19,,A,7:00:00,24,,,,
645,V,,2025-09-22,,A,7:00:00,24,,,,
645,H,,2025-11-06,,A,7:00:00,24,,,,
645,H,,2025-11-09,,A,7:00:00,24,,,,
645,H,,2025-10-01,,A,7:00:00,24,,,,
645,H,,2025-09-16,,A,7:00:00,24,,,,
645,H,,2025-12-03,,A,7:00:00,24,,,,
645,H,,2025-12-06,,A,7:00:00,24,,,,
636,V,,2025-09-25,,A,7:00:00,24,,,,
636,V,,2025-09-28,,A,7:00:00,24,,,,
636,V,,2025-07-15,,A,7:00:00,24,,,,
636,V,,2025-04-28,,A,7:00:00,24,,,,
636,V,,2025-08-11,,A,7:00:00,24,,,,
715,V,,2025-02-21,,A,7:00:00,24,,,,
715,V,,2025-04-16,,A,7:00:00,24,,,,
715,V,,2025-04-22,,A,7:00:00,24,,,,
715,V,,2025-05-28,,A,7:00:00,24,,,,
715,V,,2025-09-16,,A,7:00:00,24,,,,
715,V,,2025-12-15,,A,7:00:00,24,,,,
715,V,,2025-12-18,,A,7:00:00,24,,,,
715,V,,2025-12-12,,A,7:00:00,24,,,,
705,V,,2025-03-26,,A,7:00:00,24,,,,
705,V,,2025-03-29,,A,7:00:00,24,,,,
705,V,,2025-04-01,,A,7:00:00,24,,,,
705,V,,2025-04-04,,A,7:00:00,24,,,,
705,V,,2025-04-07,,A,7:00:00,24,,,,
705,V,,2025-04-10,,A,7:00:00,24,,,,
705,V,,2025-06-03,,A,7:00:00,24,,,,
705,V,,2025-06-06,,A,7:00:00,24,,,,
705,H,,2025-06-09,,A,7:00:00,24,,,,
705,H,,2025-07-30,,A,7:00:00,24,,,,
705,H,,2025-08-02,,A,7:00:00,24,,,,
705,H,,2025-08-08,,A,7:00:00,24,,,,
705,H,,2025-10-01,,A,7:00:00,24,,,,
705,H,,2025-10-07,,A,7:00:00,24,,,,
701,V,,2025-07-18,,A,7:00:00,24,,,,
701,V,,2025-07-21,,A,7:00:00,24,,,,
701,V,,2025-03-05,,A,7:00:00,24,,,,
701,V,,2025-05-16,,A,7:00:00,24,,,,
701,V,,2025-05-19,,A,7:00:00,24,,,,
701,V,,2025-11-03,,A,7:00:00,24,,,,
701,V,,2025-11-06,,A,7:00:00,24,,,,
701,V,,2025-06-18,,A,7:00:00,24,,,,
716,V,,2025-05-01,,A,7:00:00,24,,,,
716,V,,2025-05-04,,A,7:00:00,24,,,,
716,V,,2025-05-16,,A,7:00:00,24,,,,
716,V,,2025-05-19,,A,7:00:00,24,,,,
716,V,,2025-10-19,,A,7:00:00,24,,,,
716,V,,2025-10-22,,A,7:00:00,24,,,,
716,V,,2025-10-25,,A,7:00:00,24,,,,
716,V,,2025-10-28,,A,7:00:00,24,,,,
716,H,,2025-11-03,,A,7:00:00,24,,,,
716,H,,2025-11-06,,A,7:00:00,24,,,,
716,H,,2025-08-02,,A,7:00:00,24,,,,
716,H,,2025-08-08,,A,7:00:00,24,,,,
716,H,,2026-01-02,,A,7:00:00,24,,,,
716,H,,2025-03-26,,A,7:00:00,24,,,,
723,V,,2025-06-09,,A,7:00:00,24,,,,
723,V,,2025-06-12,,A,7:00:00,24,,,,
723,V,,2025-06-15,,A,7:00:00,24,,,,
723,V,,2025-07-09,,A,7:00:00,24,,,,
723,V,,2025-07-12,,A,7:00:00,24,,,,
723,V,,2025-07-15,,A,7:00:00,24,,,,
723,V,,2025-05-13,,A,7:00:00,24,,,,
723,V,,2025-05-19,,A,7:00:00,24,,,,
723,H,,2025-05-22,,A,7:00:00,24,,,,
723,H,,2025-06-27,,A,7:00:00,24,,,,
723,H,,2025-06-30,,A,7:00:00,24,,,,
723,H,,2025-07-21,,A,7:00:00,24,,,,
723,H,,2025-07-24,,A,7:00:00,24,,,,
723,H,,2025-05-07,,A,7:00:00,24,,,,
707,V,,2025-02-21,,A,7:00:00,24,,,,
707,V,,2025-02-24,,A,7:00:00,24,,,,
707,V,,2025-05-13,,A,7:00:00,24,,,,
707,V,,2025-05-16,,A,7:00:00,24,,,,
707,V,,2025-06-24,,A,7:00:00,24,,,,
707,V,,2025-06-27,,A,7:00:00,24,,,,
707,V,,2025-09-19,,A,7:00:00,24,,,,
707,V,,2025-09-22,,A,7:00:00,24,,,,
707,H,,2025-08-26,,A,7:00:00,24,,,,
707,H,,2025-05-19,,A,7:00:00,24,,,,
707,H,,2025-02-27,,A,7:00:00,24,,,,
707,H,,2025-06-30,,A,7:00:00,24,,,,
707,H,,2025-11-12,,A,7:00:00,24,,,,
707,H,,2025-02-18,,A,7:00:00,24,,,,
698,V,,2025-02-18,,A,7:00:00,24,,,,
698,V,,2025-02-21,,A,7:00:00,24,,,,
698,V,,2025-02-24,,A,7:00:00,24,,,,
698,V,,2025-02-27,,A,7:00:00,24,,,,
720,V,,2025-08-02,,A,7:00:00,24,,,,
720,V,,2025-02-21,,A,7:00:00,24,,,,
696,V,,2025-05-31,,A,7:00:00,24,,,,
696,V,,2025-06-03,,A,7:00:00,24,,,,
696,V,,2025-11-24,,A,7:00:00,24,,,,
696,V,,2025-02-12,,A,7:00:00,24,,,,
710,V,,2025-07-24,,A,7:00:00,24,,,,
710,V,,2025-07-27,,A,7:00:00,24,,,,
710,V,,2025-07-30,,A,7:00:00,24,,,,
710,V,,2025-08-02,,A,7:00:00,24,,,,
710,V,,2025-08-05,,A,7:00:00,24,,,,
710,V,,2025-11-15,,A,7:00:00,24,,,,
710,V,,2025-11-18,,A,7:00:00,24,,,,
710,V,,2025-11-21,,A,7:00:00,24,,,,
710,H,,2025-04-07,,A,7:00:00,24,,,,
710,H,,2025-04-10,,A,7:00:00,24,,,,
710,H,,2025-10-07,,A,7:00:00,24,,,,
710,H,,2025-04-13,,A,7:00:00,24,,,,
710,H,,2025-09-04,,A,7:00:00,24,,,,
710,H,,2025-02-12,,A,7:00:00,24,,,,
734,V,,2025-03-14,,A,7:00:00,24,,,,
734,V,,2025-07-27,,A,7:00:00,24,,,,
734,V,,2025-10-04,,A,7:00:00,24,,,,
734,V,,2025-06-06,,A,7:00:00,24,,,,
734,V,,2025-06-09,,A,7:00:00,24,,,,
734,V,,2025-06-12,,A,7:00:00,24,,,,
734,V,,2025-06-18,,A,7:00:00,24,,,,
734,V,,2025-06-03,,A,7:00:00,24,,,,
734,H,,2026-01-20,,A,7:00:00,24,,,,
734,H,,2025-06-30,,A,7:00:00,24,,,,
734,H,,2025-08-11,,A,7:00:00,24,,,,
734,H,,2025-08-14,,A,7:00:00,24,,,,
734,H,,2025-08-17,,A,7:00:00,24,,,,
734,H,,2025-12-12,,A,7:00:00,24,,,,
